,Unnamed: 0,2,1
0,176,4.21056702986,8.95492804724
1,149,4.18614218598,4.42850800081
2,640,6.17693147475,6.12215383435
3,225,2.01702774739,0.507867457718
4,681,0.810842970501,-0.119459067064
5,688,4.38363101542,-0.510697257414
6,662,1.15976173914,1.86864875559
7,872,3.73723590833,3.45566317903
8,247,4.32281024855,3.71954874438
9,428,-1.78641755713,6.72459631897
10,867,0.754289189535,5.33574507816
11,523,3.22574201074,3.03750384827
12,223,6.20752798139,5.32411215745
13,977,1.76651165667,8.64040340381
14,981,2.87395658375,-2.6129787319
15,408,3.39742986317,9.77303219021
16,659,7.02304281242,5.61081387727
17,261,-0.700649259495,1.97545120872
18,934,-2.13406985268,2.06709759727
19,749,5.14837226653,6.5104405266
20,815,0.825721760143,4.45353624691
21,934,0.412632688298,-2.11858423917
22,595,2.73064809863,-7.56806234811
23,574,1.25615823498,3.77988505928
24,984,4.97270068362,3.63738012894
25,886,8.69806982687,7.46183269996
26,66,4.73964533856,3.71435506255
27,527,0.433851870527,10.2945324692
28,579,-0.356015746965,-1.12619486488
29,548,0.30366759365,7.75927145768
30,47,0.888735299237,-1.51213716243
31,537,6.37398692887,0.992484107828
32,618,1.17696244082,7.93320749824
33,29,3.04037934363,2.14586892946
34,390,5.1097269001,3.60833926097
35,826,0.643738801484,1.34187886934
36,591,5.62864189573,7.01408648349
37,848,3.62995966546,14.7152588031
38,940,2.76701684241,7.33158772962
39,940,3.16797243898,2.94368922585
40,431,2.42728676447,9.58811516588
41,724,-0.564626411139,-1.61516423336
42,379,4.31239244619,2.9286749275
43,476,1.63393033674,6.90179330413
44,657,4.84159134316,3.83777336836
45,699,2.64276915402,0.90574900712
46,608,5.89595475576,3.73135676747
47,189,5.49496273043,12.8019632544
48,255,2.25939341865,8.76807172742
49,453,2.02423987073,0.270701355138
50,462,6.89922036306,6.27726805415
51,116,0.0682901529633,-2.57940217861
52,17,0.0997903527873,-0.155594871031
53,13,6.35495837222,5.35354211564
54,672,5.49425428115,12.0871338496
55,474,0.820232984642,-0.10490447215
56,554,3.11752849808,1.60752285458
57,701,5.29666236009,4.73899437844
58,819,-0.757471018608,-0.035279935365
59,470,3.48804699312,1.60553754543
60,735,-1.48311901769,0.00591956375529
61,896,0.956974378328,3.11947746501
62,576,0.543092493541,-1.26949561861
63,370,6.97790176926,5.50962794542
64,224,3.84074485818,13.7882102772
65,833,1.05582876176,-0.87308784049
66,93,3.59165743967,3.95117797491
67,145,1.55345012439,5.24136131381
68,32,1.68550662662,1.74726211009
69,580,0.769397151751,0.713021962982
70,184,4.16872545607,3.547712169
71,236,0.850898112258,-0.703971414047
72,417,10.2581019585,-2.23225323753
73,678,2.52258025507,1.64039000763
74,180,6.25960817575,4.75126668114
75,283,0.530745893156,-0.0219909187583
76,297,8.87771147427,5.21606584925
77,53,3.90520389533,3.88331228908
78,627,5.38138325986,3.58992340744
79,881,2.01477895007,3.03779506398
80,465,2.90814932892,1.30188510939
81,852,1.60457805548,0.698236509687
82,565,-0.952538597204,-2.6368840939
83,697,2.38759704519,3.69615229554
84,223,1.38369151673,-2.22493223681
85,917,1.77267124433,0.723032022567
86,712,-3.5453000797,1.40590977658
87,954,2.27273971273,0.857555739037
88,352,4.53045669221,-2.25318795992
89,729,-0.195713249757,3.40374421685
90,951,2.13674755622,5.76537088328
91,199,0.75798296557,2.82951154421
92,323,4.78561960095,3.75702121403
93,184,4.14949197502,2.0232979665
94,246,0.217054111615,5.55385046527
95,775,-1.35316377133,5.79963728544
96,989,2.04147694243,1.40053466904
97,711,4.00967359385,2.51678787266
98,600,6.3546362088,10.0111834154
99,251,-0.0642771795346,0.477207793389
100,447,0.246197353419,-0.541082783977
101,348,2.47001385811,1.51022902935
102,3,7.31629801268,5.9906624487
103,190,2.47113277099,2.33281520403
104,316,-0.549364978129,7.63164538785
105,308,2.2579376019,-0.835970692927
106,479,0.434752645853,-0.770593812182
107,823,2.40046300063,2.43086406836
108,742,1.17717669073,-0.195539168143
109,19,5.29855283388,4.07845003434
110,149,0.317306818657,5.97828921834
111,692,0.937025624096,-2.1908845012
112,626,2.96700026981,1.28351714285
113,35,0.537890966999,-0.720282798118
114,178,2.2360211935,0.568008287529
115,946,4.05946036984,3.75854328019
116,543,5.63175935313,5.61568040045
117,621,5.49304047322,2.89347146251
118,995,-0.869550974045,-0.54600864095
119,363,2.8352613694,3.18076213014
120,55,-0.315193273216,6.58659155748
121,505,5.49788464443,4.6088333148
122,806,1.74171939103,1.32884945265
123,393,2.10462038551,4.31115080553
124,906,1.51701141295,1.26692572773
125,15,3.29754900043,3.01690396828
126,978,3.9903991764,2.59341008222
127,551,6.55208038368,7.64665308006
128,912,-3.66307367289,-2.73145734349
129,133,-2.31147543459,-4.3599331953
130,988,3.30211367807,2.56374589097
131,405,-0.129609432335,-0.807918117799
132,41,2.23726136008,-1.65761768445
133,99,-0.32732603194,-1.8553672578
134,655,2.44574980859,1.16552955271
135,97,7.12079703946,5.75689672257
136,944,5.01312678995,4.06733493376
137,195,5.12713599562,4.27242679137
138,389,5.65894319053,5.11699969174
139,131,3.10421418247,-1.09952803717
140,840,-1.89067428251,-2.49186333778
141,90,3.95320103463,3.42892113543
142,459,5.57310739316,4.05159080503
143,510,4.169905057,3.28613680417
144,760,0.180073111663,7.59556517854
145,587,-0.213142596396,-0.461917629557
146,134,1.42385547096,1.38040674715
147,700,0.721231557434,2.24252234101
148,221,5.28414172487,0.706056550811
149,747,3.70898497805,9.92158929386
150,617,0.17430920851,7.73871984228
151,162,4.96943163667,10.5276543314
152,855,3.47864968651,2.74063168627
153,128,6.74716390094,5.17121925275
154,569,9.4929979788,6.32913691729
155,818,2.72913085588,0.401647912632
156,768,3.12816770791,7.18019647628
157,988,4.22164908621,-2.58371599748
158,847,4.58454747362,12.1006649504
159,104,5.29427200463,5.73017595933
160,518,0.518835665923,0.895552650707
161,760,3.77305931278,2.7850066037
162,204,2.69959502909,4.55119879596
163,287,2.93590732271,2.32164795428
164,1,-1.45301448931,-2.43481149027
165,726,6.37086717438,4.59023992844
166,702,1.45989681117,6.99358892871
167,794,7.81166053711,6.4288208822
168,631,0.522966432689,-0.750924394893
169,639,3.71792670024,0.728130203315
170,840,6.51214064058,1.47933278459
171,27,4.88866815717,3.49259034144
172,584,2.49160704309,2.31382793704
173,14,2.54445174914,5.03122843354
174,138,0.919917769641,0.661553773271
175,862,3.83935031862,-2.27021582022
176,662,1.24239903049,6.99146159275
177,827,4.9210360982,3.00304030426
178,471,6.91268799338,5.7887380951
179,12,4.95958538492,2.34545168406
180,145,4.99796538923,4.04098438737
181,193,1.74084414846,7.59329461264
182,135,1.16277140926,-0.387928708929
183,251,8.18183833468,8.48096570261
184,485,2.88831753386,5.33328111312
185,153,3.36625288179,0.600315767841
186,194,0.175505706517,4.68502774876
187,134,1.38679628474,1.02722807294
188,381,3.91268211828,2.56980971451
189,391,-1.74475618553,-2.61662832895
190,450,4.00646473779,14.1456707514
191,583,4.08200393237,-1.17064124811
192,524,3.46387460611,7.27336981865
193,549,0.973043789277,-0.0843932825843
194,799,2.09595904523,2.27990684074
195,462,4.59475751614,4.63538850219
196,663,1.66953002821,4.1583573631
197,535,6.15908294154,5.39102948071
198,285,6.12517102271,4.65899696657
199,108,6.00033709241,3.5751941257
200,433,5.62303972306,6.16420218372
201,901,-1.18301630788,9.83564687143
202,374,2.85471319382,3.82110524892
203,448,0.663770456517,12.1531279108
204,896,3.21364595536,1.00659952088
205,364,3.958610061,3.12826276746
206,584,0.773411820651,10.6799609396
207,329,1.68429001218,4.17730727762
208,130,4.05581622119,2.81835539739
209,154,-1.26712672784,5.28354768804
210,499,2.98014976855,1.6349644454
211,249,5.71597866774,11.4116934664
212,121,-2.54241672731,-3.8206301602
213,479,6.26072299876,7.61507527419
214,782,1.73977370255,9.62066289664
215,230,1.51243032581,5.29195345935
216,810,-0.272523946118,-1.45583903932
217,314,4.73180894497,3.52147374175
218,455,-0.105603543579,8.58994017075
219,61,2.24997431545,2.60060496694
220,619,1.17989153675,-0.356773799116
221,164,-1.37268729212,6.81158644938
222,817,5.10763239314,9.99826589509
223,162,5.56681635443,4.22722599003
224,561,1.16305458979,9.4977028342
225,777,3.52078267397,-1.10848985761
226,235,0.919344056231,0.799002293318
227,123,-0.438658061102,7.67601441434
228,140,0.812151090049,11.3873192425
229,248,4.05979962814,1.55579019498
230,349,1.8131163115,5.88706259879
231,67,3.35802547856,1.2376625924
232,631,6.44723034848,2.09602162774
233,44,6.80800779637,0.220887385615
234,992,1.63173709745,3.0125433004
235,400,5.30006198399,7.92734297503
236,718,1.78425943242,11.3381386953
237,432,4.64374483193,2.07372513718
238,950,0.164380730852,0.745826372706
239,830,0.543227326705,-1.16906018454
240,992,0.493746547816,0.612240418434
241,513,1.17750665528,1.1385842698
242,139,2.68550635058,1.04212889508
243,480,4.49726045201,3.02732573339
244,88,2.09277848691,2.94341137672
245,369,5.15645077616,4.67489384536
246,880,-2.70516421582,11.4796453569
247,891,1.14702568582,-0.56662869434
248,77,0.848047316654,3.27073408272
249,39,4.62194255353,5.4090244385
250,433,0.297206402687,2.66399635792
251,69,2.20870720714,1.35304273513
252,636,5.64920754618,8.88326096555
253,821,1.9664476983,0.982890033128
254,518,3.63556688799,2.16941064338
255,844,-0.775706952604,-0.826978126696
256,215,-0.526151071955,-2.39420493762
257,861,4.46074228152,3.7493356182
258,314,2.75317941127,5.56709421348
259,336,5.11872017153,1.9731805879
260,267,5.38945235785,5.39391884519
261,733,2.45117496547,6.30169227
262,327,2.25105598663,0.552521723527
263,151,2.18093571581,4.6768803799
264,210,5.32230243135,4.53526128764
265,96,3.78887468505,3.02215519185
266,922,3.88560499217,2.58654583889
267,100,4.41772924546,3.30894057394
268,833,4.18343487742,3.06301620503
269,250,2.5013294014,1.71144639404
270,900,2.73180846102,5.65768319789
271,252,4.86224447371,5.4946564178
272,604,4.08906465761,3.35883056126
273,805,4.59312330089,3.77158796686
274,794,3.81397612819,2.9624953586
275,979,3.04928874423,13.473198849
276,736,4.69249583481,7.84562678953
277,556,0.497345288396,-1.08719380469
278,911,0.926407074877,13.448590102
279,869,6.43866088934,3.88339184849
280,214,5.22384900577,0.287811579244
281,885,-0.240665920633,1.10075726315
282,486,-1.38601901573,6.31633191198
283,850,6.12967303512,10.6543842962
284,555,4.05146931961,3.15713854736
285,769,4.04423788782,4.80682117241
286,235,7.11799754022,7.12688713098
287,148,0.317484712835,0.352497449243
288,186,5.6398153498,3.70841639049
289,781,0.964970739605,1.04630288017
290,786,5.40122520575,3.6572342031
291,395,10.2044357313,1.27264259454
292,913,2.28604643717,6.52521057317
293,861,1.51656766249,8.9003398396
294,105,6.22981727574,4.17683304618
295,266,3.15933510731,2.16635711881
296,524,3.23105604065,3.04524913055
297,644,6.31650072429,5.34449624735
298,923,7.95074030031,9.50332334328
299,519,2.75566211878,1.34827892871
300,867,4.19558406076,2.67559908476
301,635,2.18478098383,5.96029223668
302,624,1.92004894175,5.78030850787
303,553,2.03932207272,7.38660053688
304,520,5.77778684658,7.7685997447
305,878,3.45043229271,2.21371249348
306,668,2.52924737902,15.0867924466
307,780,-0.0522834707694,6.30525939207
308,789,1.96276255606,9.70267814329
309,494,12.1398924097,8.6015079278
310,606,-4.86511061588,8.13739471534
311,755,1.41932250582,3.35679440287
312,246,-0.937384545996,-0.975753435247
313,214,0.714911773233,-1.29871927633
314,481,-0.314714057927,0.0438340580241
315,759,6.29956980392,4.43998769721
316,815,1.73193991699,0.102264465991
317,71,5.0858462027,6.66172148659
318,382,-1.27108778256,-1.36496109026
319,422,3.33108822976,8.57764865374
320,80,4.53570478422,7.90864718119
321,124,5.55551914122,3.22907573148
322,660,4.09721401976,4.10590372769
323,296,1.84574877615,1.31603986632
324,930,4.9641311695,0.238645720106
325,865,7.09726156529,5.51901430135
326,942,5.229000541,8.26640431995
327,159,1.70838067743,7.59744630858
328,975,0.887994143265,4.1415256117
329,912,1.21863930333,3.50900974984
330,19,1.488608487,4.44588407657
331,997,2.42957438448,-0.319817907655
332,949,-2.73030755379,-3.25555597389
333,393,1.71559106601,-0.347477535712
334,723,-0.274272073114,0.153671052126
335,529,4.85487650477,3.98635422331
336,380,-2.69396064742,12.4322582331
337,514,3.59086296383,6.46742630006
338,766,-3.0023834765,-4.80641723442
339,410,1.73246620712,2.27629517412
340,737,4.67562606056,6.62846027724
341,982,5.01530679721,3.68032130503
342,190,4.67528856131,11.3704875165
343,493,-1.18007280076,-1.05466895726
344,132,2.44298939044,7.97277270187
345,133,-0.149731738772,4.30421772053
346,802,3.36058454392,2.73878746115
347,185,2.32325912784,0.796344198761
348,854,0.123783126202,-2.25978598356
349,76,0.482587459162,0.678837107801
350,874,5.3094228076,3.13782321536
351,770,3.92712052714,2.36407380053
352,800,5.82373371121,5.79501867424
353,119,5.3876371797,13.9247420485
354,904,-2.06911939437,-2.26761228656
355,836,4.65511034076,4.38573168129
356,305,6.94562848261,2.22819893868
357,932,5.54273785193,3.89206822248
358,856,0.549053657713,14.2163731009
359,420,1.361007641,0.0850558047572
360,245,-1.97327186381,-1.90074834171
361,113,5.97664030635,4.09578274681
362,271,6.04736297134,4.46446293437
363,515,0.372193948872,-0.46002483165
364,583,4.1133799603,2.77925290903
365,467,-2.97487646153,0.804437550656
366,856,6.11748076145,4.83048852702
367,109,1.69994541587,1.10026035291
368,388,-1.98217692026,-2.19764171195
369,838,0.140213070946,-1.33075515307
370,610,1.0752441259,-0.627844171425
371,278,0.802903909473,0.24134801743
372,342,0.793143811918,4.26046364359
373,774,1.22059170169,1.02039025642
374,629,5.59524438311,6.24225517547
375,155,2.89479979213,3.760561412
376,845,5.59029399713,3.38260648903
377,90,0.0915684927477,4.66678236495
378,545,5.86365200078,6.17476998063
379,712,3.73406554007,3.23308209277
380,79,3.59820300938,2.02049395636
381,509,6.13335477188,-2.49713949564
382,960,4.07933816401,1.90892382453
383,396,-1.50180100371,-4.01571174559
384,473,5.02986075064,6.38608516213
385,502,8.80226186826,6.80915715812
386,337,5.76857544822,4.34347250424
387,575,4.84181833226,0.443441593039
388,812,3.78019274049,2.92880026967
389,458,2.92590145495,1.17890349045
390,60,2.8517973626,2.26628888508
391,303,1.5753674155,-0.0178255842273
392,879,-0.709655199066,-0.357217238212
393,468,3.71236451213,9.58665319241
394,838,3.05521660134,6.80640177803
395,868,5.48683602402,-1.46276675243
396,100,5.15409531809,4.90684121467
397,87,4.10338764146,5.52284140197
398,647,-0.85821151214,-0.782692624636
399,496,2.0891739957,11.1287043048
400,787,1.25535709347,-0.10387411271
401,863,1.02559095869,2.72122469933
402,173,5.42257181899,5.83295173308
403,257,4.53396091971,12.2290368734
404,552,5.44322351228,4.94950029017
405,590,1.5073824242,0.96323782822
406,354,6.93561413974,8.01414549812
407,312,-1.17162779736,0.393318006678
408,911,-0.52597011227,-2.49476362566
409,320,3.83798960902,7.08965986493
410,919,6.47196536064,0.930619509105
411,325,-0.319425279781,-1.35289005394
412,3,5.75711558243,2.47581812266
413,669,5.84110656695,3.19824849438
414,404,1.04995556903,8.34012935081
415,270,3.67730841768,5.73631645223
416,771,3.45747610394,0.505156373348
417,299,3.68113631065,2.10568782363
418,882,5.64704687605,5.51237857875
419,910,4.20038104371,3.69927114215
420,965,4.03214725204,1.58637616173
421,544,4.34074543021,9.80662782397
422,802,2.19250665979,1.45710556706
423,24,7.52408723971,7.53083161259
424,185,-0.69829614968,5.5812479511
425,763,2.63168222794,3.12758204398
426,173,8.0907229463,6.88524829119
427,332,3.17742116415,4.95165983132
428,2,3.03613346603,4.23768593158
429,35,3.51886701138,6.92579021562
430,339,7.77544288162,5.45719352779
431,938,1.58010541166,2.60467575268
432,370,0.408625536172,5.48675690044
433,993,4.06494632407,2.67150262967
434,409,6.2419145103,4.64246022682
435,469,2.48191712819,1.08546034135
436,141,3.58332799947,-3.0975077459
437,445,8.79201593781,8.03492253606
438,260,3.33105791909,2.50291752104
439,906,2.42564095627,10.7352369072
440,691,5.29956590774,4.21258634786
441,167,-0.338151679435,2.38712077945
442,225,3.33195272001,2.86457171791
443,769,5.09580090117,4.13350497969
444,796,8.35477815285,6.40284582867
445,980,1.9626560948,3.19632334926
446,305,3.93224424663,2.65075596253
447,777,6.149898687,5.07486169471
448,206,5.68463044412,3.50036197849
449,939,4.91576939519,2.94302137626
450,819,0.153648859592,-0.678878940742
451,841,3.35753973348,3.00750198457
452,745,0.633832254946,13.1068701537
453,783,1.38638860855,0.00858270258185
454,420,5.06061649643,0.374286994339
455,152,5.62343246125,5.16261071297
456,831,1.28758378419,12.0735620899
457,350,2.16564916921,1.32982440556
458,830,-1.75124311113,0.26053508963
459,646,3.81408295167,5.66520831919
460,717,2.22721477706,11.497074635
461,829,3.33192332521,0.0658419536747
462,326,2.30882849375,1.99087630881
463,26,5.28700632002,3.23537900353
464,215,-2.5232505414,5.77965102023
465,36,1.39131215295,0.421786771683
466,887,3.97287393454,2.48063173634
467,705,-0.361830361533,-0.0848254804804
468,129,9.02598973946,4.16629797168
469,790,4.47578242427,3.69344237895
470,705,1.27815655797,0.330740297062
471,4,-1.8578429066,-2.37398502795
472,384,3.60621386327,2.11428575794
473,293,1.36311998878,5.77403773615
474,727,6.56376669697,4.07653492734
475,966,4.02359918895,13.8576145497
476,91,0.249137607353,1.91672519448
477,401,1.49320155063,0.978041461068
478,228,6.39171947996,4.6538317302
479,426,5.02212945237,3.89667407001
480,556,3.25072769152,5.91404892272
481,356,-1.06539628665,1.39873973328
482,987,0.563217491323,0.76858582182
483,129,2.32989678853,0.813120496108
484,936,4.69075888536,2.01700634646
485,679,3.29423879258,1.0213471136
486,373,1.05567952252,3.37094028109
487,999,2.94013105509,1.12376166307
488,321,2.27735752665,2.20768439708
489,264,6.65063029647,2.78817951711
490,883,2.28300904107,7.83481554746
491,220,1.46429329698,1.97416221223
492,388,2.6357085044,7.14534196111
493,883,2.02684741482,1.05230777636
494,699,-0.0760116339545,5.28923440232
495,809,6.65204967287,3.83388163736
496,291,-0.533847517883,-2.49713377146
497,499,0.272498926268,0.0245182530642
498,13,-3.11012363251,11.8669449693
499,506,3.81071193196,1.90191967821
500,161,0.382978280051,5.90412631707
501,56,1.40579746101,4.35481321545
502,488,9.56026878923,3.60464039196
503,397,3.40324431414,1.17804665601
504,12,1.52570494429,3.85984828735
505,30,5.37024460198,3.96022998935
506,62,6.49256057426,5.44364991352
507,498,-0.0634884179143,1.62217924796
508,20,0.629154464018,-0.976161279799
509,337,-3.84033615633,9.74821799275
510,466,5.2480707398,5.56570519274
511,444,7.45699666279,5.811587471
512,562,3.10332570608,-0.678316611058
513,153,9.22910750163,8.22892090086
514,237,1.77588065671,9.41959231367
515,721,-2.2700647128,5.12840175148
516,974,-2.82016929371,1.42575520753
517,495,0.36058570526,9.34051992412
518,752,-2.02809948271,-2.04910390331
519,916,1.12637682962,0.136979249011
520,241,7.97751984106,4.09598062911
521,181,-1.20358033411,-1.63792447904
522,547,1.44612821279,2.29370035218
523,81,1.10348967409,8.98426515066
524,766,6.20537029491,-2.82613219705
525,625,-4.36923232329,7.14550880581
526,242,7.02282554032,5.11609242967
527,923,4.28492797095,3.84150703067
528,848,1.59710595189,-0.458748408018
529,875,1.31813176258,11.7463666748
530,888,4.37149879605,5.31850374711
531,727,2.88951897301,4.80102650383
532,332,5.05582019245,3.45433901573
533,338,3.45581746956,0.205929813016
534,183,7.43943178067,7.8969449354
535,919,1.83077916577,1.06142051685
536,696,-4.10843744931,3.67878154586
537,641,1.18633362102,0.34997727803
538,652,1.96140652888,1.85747638427
539,948,1.50830945581,11.8691303589
540,866,-2.35757115746,4.64270105777
541,720,1.16871566019,0.338873167041
542,116,3.03021373469,6.3352304035
543,508,-1.33451111768,-2.46458245052
544,360,1.44579013409,-4.2025625964
545,17,8.30262104679,-1.71998101163
546,422,4.14307895681,4.13857061346
547,719,-3.25267160883,11.789429895
548,98,4.24105008674,3.30792803019
549,709,3.63589388399,3.32184718596
550,118,-2.04586722463,8.09367940609
551,809,2.36497490455,4.66265799793
552,382,7.0479941365,15.6905117854
553,125,0.53901271457,4.00501978348
554,661,9.4406215679,1.77214040261
555,969,7.48591368337,5.63524623465
556,362,0.717999831279,-0.358631604492
557,512,0.591941767648,8.05533606642
558,323,0.652876854829,-1.0853551796
559,389,4.21892465923,2.54742915937
560,585,0.307789008952,6.57174718038
561,373,1.70441028504,1.12884232154
562,0,3.27382975653,5.67400348067
563,788,-0.227907105307,-2.56392451406
564,537,5.7858478542,6.17972748512
565,873,0.826706684471,0.49726793711
566,890,0.695149337211,6.9389573814
567,326,2.8628047814,4.10506398025
568,157,0.248019214872,6.08277702633
569,849,9.65671137012,9.86933062738
570,534,1.79131875753,1.20966498592
571,341,1.00716176072,13.0379726725
572,304,4.7710789399,2.67530815848
573,935,1.51459715298,-0.407392260872
574,530,0.943866625634,-1.2820238181
575,478,5.38224234142,4.4862449782
576,335,2.59075873234,-3.63356224691
577,198,3.72615788775,3.57925016641
578,894,4.25430723162,8.27153235094
579,385,9.00886979025,7.92032787483
580,411,-0.782211624668,3.19502159927
581,423,0.0548158656927,-0.801784024669
582,536,3.0762153172,1.76676275177
583,147,3.48620640803,1.89240582007
584,747,7.31705910666,5.88230567505
585,300,6.98090866323,5.85272728604
586,899,-1.01187355464,1.85252274153
587,14,1.87678599947,1.16812033448
588,358,5.11978703797,3.93225872441
589,463,4.45956002697,3.64665919569
590,750,4.31584011199,3.60044225479
591,956,1.08952412364,8.27435445889
592,416,-0.922598052947,-1.00003211025
593,943,1.84985391101,9.49767422847
594,743,4.02021407373,4.22401166785
595,229,3.21805459241,4.14219188857
596,464,-0.995690119002,-2.02073613559
597,121,3.49440197827,7.10729448537
598,677,-2.81866352926,3.47992560392
599,954,9.15304696199,14.1923380248
600,367,4.91690119557,8.52382750402
601,82,7.48477813035,6.00638215165
602,196,8.99596216728,7.10044410381
603,593,7.78237565237,4.89993299384
604,111,0.919580211686,-1.03095561457
605,592,-0.278390095999,-1.32180781475
606,869,6.32938154349,3.11240952787
607,347,4.43494344597,3.01228994675
608,647,-3.91040345784,4.78176894526
609,611,4.32713578859,3.37675817275
610,371,1.98004157604,4.33243668873
611,689,6.26131993756,4.31599848309
612,16,5.34604083641,3.55373032527
613,728,1.58949619771,0.503265381237
614,319,-2.67113539297,7.24018392054
615,356,3.79992370009,3.42814446977
616,5,9.07529116993,4.57112585389
617,870,-1.68569892652,7.48182423429
618,926,8.9982504002,5.85253798347
619,404,1.36141479858,0.714369874403
620,989,3.97948712478,12.8566118762
621,469,4.40533309259,2.20083687403
622,513,-0.468400617051,1.85430414164
623,298,5.86856477599,2.39886788423
624,521,0.0999397074956,-0.155508306504
625,189,3.34585187608,3.17471687412
626,365,4.34667222486,9.03114694107
627,132,1.45619263363,0.56053534775
628,863,-0.67830511959,4.92569624358
629,115,5.12358750039,3.16304299951
630,111,1.4590898656,15.3335899828
631,376,3.17906436666,-3.44714458651
632,194,-0.148625331858,-0.815835870775
633,864,5.94661662947,6.85042312281
634,101,1.52237300075,7.19935522255
635,459,3.1549104129,0.783488437579
636,811,4.63173852355,4.86668111822
637,691,-5.56383594538,10.7887835277
638,166,3.54670930744,3.43128999002
639,308,4.64578284859,0.03979654146
640,447,-1.8173340542,4.14209631091
641,648,2.62854579667,9.19430747342
642,955,1.57857224285,0.705710279774
643,330,0.952978831402,0.0976808234764
644,740,8.06786424401,5.41092812154
645,33,0.599869041026,0.721382767581
646,751,-2.15664009751,-5.90987657789
647,942,2.04217040915,2.29324570281
648,574,4.891089375,3.83624752684
649,865,-1.2496943504,1.27502162886
650,395,2.33794166297,1.12484663833
651,879,8.74050901621,-0.774239665065
652,633,7.09799542614,5.19408813298
653,210,6.79282331905,12.032958049
654,961,-1.93373586832,2.59515583227
655,758,6.47818349037,7.75409185746
656,770,1.66867103209,6.64724416039
657,170,2.38129322499,2.42274049753
658,359,9.84874459252,7.93506186173
659,731,7.6576039181,9.78765049152
660,582,3.7632613713,1.72709372965
661,905,5.35289732173,3.84620621619
662,666,-1.02137511129,6.18599535393
663,626,-1.73631252692,16.7446128577
664,578,3.31170326802,-5.72279535018
665,432,7.35603402067,5.82998287997
666,658,9.36565678557,16.1577795336
667,709,5.66215662108,4.93303322335
668,698,3.02218064674,2.56249560616
669,829,1.62080413653,0.989129201136
670,728,5.51615676718,5.45538571199
671,974,2.93987644875,-0.0864946690219
672,182,5.18501862186,-0.473047076017
673,271,2.18990334514,1.9886532969
674,290,3.89378358447,9.60475421569
675,516,-1.60416255527,3.99930835964
676,835,5.25686685485,4.51281105943
677,414,5.53545012793,9.03958712139
678,252,4.73791800519,4.99155516547
679,762,2.58816716345,4.80645708373
680,785,1.197192616,3.49268037699
681,824,4.52279255466,9.60390960995
682,835,0.938096726929,2.65810289555
683,465,0.025403103002,7.44806953014
684,964,4.36358044484,-1.78833261072
685,851,4.88004004687,4.63948611942
686,61,2.78306908562,1.96599149114
687,146,-0.817825747683,16.3457813585
688,74,2.41410189914,-1.50674182816
689,994,3.46706778695,7.64742508308
690,196,-0.131587589646,5.77899574235
691,638,6.27389083035,4.47727939005
692,324,6.55933600328,5.09513822025
693,800,6.88492557783,3.30115904473
694,232,2.43818514098,10.9296617587
695,909,-0.371348480768,-1.00954112893
696,920,1.7852323947,0.172561926517
697,448,2.0553787012,2.22826800052
698,307,4.15246268161,3.85644716433
699,412,3.42270185744,2.55009831704
700,375,6.33523185594,5.31547360996
701,466,0.415129230631,-0.0555285670307
702,677,6.14401700302,3.57887609385
703,58,5.14587337444,9.88989074494
704,515,0.571178076393,0.682214069907
705,491,-1.39288834467,5.82445213212
706,875,7.58492936122,7.87337461982
707,605,1.99162235824,5.12122596211
708,361,1.88304809927,0.733009642558
709,536,2.40646296389,4.26325790887
710,706,0.253641942004,-0.930372727738
711,15,2.14994785892,3.20370513234
712,255,3.69349614514,0.558864959805
713,430,4.95885998307,7.10532885348
714,213,5.05561341965,4.5900157691
715,689,4.31667873797,0.0204182539848
716,953,1.84010157714,7.22443166699
717,203,4.24667888393,2.40956447179
718,343,3.45713723141,1.31751643442
719,905,2.49956265023,1.10572391316
720,775,3.68805182149,2.27574463174
721,64,3.36275384034,-6.33357766935
722,209,4.48184571944,4.18055518225
723,275,5.20491908726,3.84342390118
724,135,3.90608007731,3.97337716304
725,80,5.1427563544,4.30088727472
726,79,-2.27253806464,-8.71552079106
727,842,6.10571626387,6.05887702407
728,417,5.62746842623,4.11887551239
729,211,0.123176132497,-0.344225784346
730,979,5.9770709905,5.50276126891
731,998,6.17952765274,3.69982306508
732,953,3.56063093056,2.87613641735
733,226,3.2576311739,2.92148913847
734,483,3.09787928367,8.34960907297
735,570,9.46294729675,3.23825813287
736,632,1.03726655812,10.7483582708
737,9,5.24979106907,3.31275331382
738,926,8.85862357145,0.539717903618
739,455,3.639276519,2.38043415977
740,128,5.20029988084,6.77666045134
741,888,-4.77255113683,-1.68774440584
742,603,4.03501916746,4.03683542062
743,512,1.30454571465,-0.503186773851
744,717,7.1551627815,6.06962475115
745,284,4.00291328953,3.76027025862
746,778,3.35258983175,2.05944325015
747,559,3.16264874148,4.11159752054
748,216,1.62882775521,2.41636127921
749,401,-2.54141950482,16.6648420167
750,58,9.64763462997,9.43031175293
751,88,-0.00325893373092,-0.679512133195
752,842,7.90384916163,9.21547421402
753,408,6.07772469454,5.0701253873
754,293,7.65234552737,8.11769204406
755,294,1.45379154559,0.979855341512
756,726,7.861131222,6.97006061457
757,240,4.71181881671,3.97783675219
758,987,6.67541125093,2.16052680532
759,219,9.50034021498,7.16897741429
760,402,4.55825350305,3.71500889864
761,683,-2.33011339444,2.38193039099
762,237,3.07275331405,1.58716400632
763,443,6.69495235515,-0.708950936047
764,548,5.43727007471,3.68760506458
765,753,3.82760470364,2.80327436173
766,201,3.30458685902,1.87835753198
767,435,2.7007854523,2.9846129892
768,669,1.76534231755,10.3418274677
769,50,7.27986431818,-0.995993893147
770,113,0.608261305997,8.63432923596
771,768,2.79862985564,1.39219457458
772,952,-2.29592858911,4.30435879551
773,853,11.8570746503,4.28607747432
774,893,1.4908609588,0.519335723456
775,71,-0.85794540728,-2.32457922208
776,205,3.17516707549,3.77290594799
777,971,-4.57088894224,-5.42804858339
778,483,6.6772369293,4.66988414568
779,866,0.97447602493,-0.493172515497
780,680,3.5878179604,2.05718409395
781,820,2.1817537038,2.31847048561
782,484,-0.686938096381,5.21530608003
783,171,8.74324686437,6.24653257521
784,28,6.29898130156,8.66730173006
785,808,-0.255800044064,3.53409352984
786,182,5.2836714523,3.47046452629
787,490,1.41590844401,11.1653941372
788,620,-2.58669495653,3.13828491188
789,475,1.03258873426,0.319257933185
790,615,3.95926040103,2.37258038494
791,486,3.77227486829,3.72707118228
792,843,3.15276816901,3.47495272107
793,543,6.57845033581,5.30428462388
794,358,4.318744446,4.42302717065
795,197,1.72467286591,0.527200676804
796,295,2.46882557788,1.22396160524
797,208,1.4922859146,3.93171523455
798,613,6.79039554555,5.53445323187
799,256,5.23305400179,5.01612872689
800,757,5.45554077128,4.06478700383
801,957,2.26256967146,0.855040900043
802,599,2.85568724454,1.91376708581
803,821,5.09589010832,9.32907760594
804,820,1.17895771569,5.560752496
805,981,4.20729854388,1.54521521904
806,372,3.36033598444,3.03371383398
807,698,4.33678617216,7.11209874017
808,804,2.7716429681,3.12308987398
809,914,-0.407933418498,-1.06346323193
810,506,0.138297990619,-1.47083176214
811,25,-2.03701141273,-2.1289705306
812,635,5.14534669986,5.618942235
813,367,4.87682635674,3.14020739539
814,174,6.95791576993,3.88777859221
815,965,2.32366812717,0.547406544271
816,628,3.70556459958,4.26736848007
817,501,4.34888959863,3.6974354388
818,566,1.17389152862,14.6543131167
819,233,1.35736467058,2.00884159251
820,487,1.78433332253,6.39705014902
821,46,3.4305766561,2.34852901828
822,630,3.84156176377,10.2044861259
823,526,3.62083884019,6.20921039565
824,254,3.67123454322,8.77603235592
825,745,2.35404468037,0.793622293746
826,860,2.6276461358,1.58289031143
827,435,3.61826995766,0.173013351905
828,792,0.927037035197,2.98415080324
829,29,4.84004132385,4.83997149493
830,538,1.75423662928,1.76040832072
831,199,1.38485654587,1.30268321973
832,572,2.53103123916,4.74140652921
833,200,1.35601501137,0.407738988031
834,614,1.23535640856,-0.0249268932118
835,302,3.56175355395,3.20912716054
836,902,6.60625963503,14.5276341756
837,637,-1.23435361298,4.97605475505
838,285,9.9259383409,9.30812508592
839,267,5.7693168179,-0.676268520731
840,847,2.91426043195,2.28592305141
841,894,0.145454722247,-0.594137105853
842,844,3.15276509063,17.6360118302
843,539,5.13884842871,10.0022984318
844,653,-0.663111113385,-0.952963417152
845,550,-0.566483922498,7.95229563695
846,688,3.88357122901,0.960544747821
847,127,1.32294599886,0.42060773368
848,632,2.10116420376,0.52330350615
849,297,4.09862119873,2.34924042434
850,221,5.04887856342,3.18659531014
851,813,-1.53235066789,-1.44050127725
852,748,1.34835762196,0.066599380503
853,558,2.65658814515,1.57431727369
854,461,4.85523104334,3.46702742582
855,803,2.53414993303,2.18696835931
856,419,5.13655298903,4.36202339669
857,625,0.706804460403,-0.278766207359
858,249,2.82275099901,2.86760897004
859,403,3.67649456922,4.59522619033
860,707,4.35484076899,2.40528633437
861,540,5.7269516434,5.42642259052
862,944,-0.941269996837,5.47031310746
863,82,3.5112532886,2.30155256381
864,762,2.25541347279,1.67447789163
865,708,4.14607527158,7.57430663799
866,550,3.76602694228,2.70250673511
867,68,1.68247198038,8.13977871029
868,541,4.97912309012,2.89794180221
869,854,3.88093506136,2.39823586626
870,684,-1.52975406656,-5.18851524407
871,425,2.17755567746,3.99390909412
872,49,-0.308442838764,-0.295131777391
873,245,7.10629985456,4.55666810988
874,748,1.45718722197,3.29236685893
875,217,1.23286853882,-0.914477823438
876,27,5.61890331892,-1.86099464129
877,575,-1.27228447379,-3.27374602656
878,157,7.52820840844,5.25784916828
879,164,11.4409416722,9.04837444559
880,329,2.37240007529,0.135358100061
881,468,2.81302082925,2.51679549284
882,282,6.33849112834,4.7642676129
883,166,7.42825240655,9.95466541402
884,377,-1.57870326401,-0.84122038186
885,596,-3.27029400664,8.10408962783
886,83,-1.5387151439,1.84424330638
887,516,4.02485800927,4.01944832613
888,793,9.26321165307,4.92723812431
889,348,-0.902329825137,4.90174879879
890,718,2.00853550857,2.14124541084
891,460,4.00229967586,3.75904384741
892,383,0.842745295817,5.51690318502
893,572,0.152021451803,0.401862526429
894,353,7.50100742542,7.33267677205
895,112,2.31285186196,-0.310165042199
896,191,1.84991779934,2.73021736377
897,670,2.17621777745,2.27547511016
898,65,1.05512991022,-0.587944738751
899,269,-2.79116445446,6.06995990988
900,834,-2.56004939503,9.79102766533
901,884,-0.119296300653,5.20698974266
902,311,3.38975052886,2.03753159266
903,130,0.370670492612,1.51866161691
904,39,5.53992748981,6.47160770908
905,957,-0.10708801524,-0.494303111298
906,738,4.77691521966,2.58712639888
907,232,-0.759236929349,0.191885418561
908,704,0.939407540366,8.14364741833
909,739,2.18629027267,1.7833281675
910,776,3.3327093202,1.63465021482
911,179,4.96001247088,8.43865529581
912,436,2.22467642067,-0.00171541181662
913,324,3.65730924289,3.87698711167
914,241,0.601011284841,-1.68675897699
915,852,-2.71303392762,6.92558686037
916,557,-0.703399510171,-0.924408390238
917,438,-0.323257075225,0.12964119628
918,690,0.254112412098,2.80345779785
919,598,2.21648272462,1.02633277397
920,139,5.71920949084,6.5554790384
921,959,2.05063325648,0.364841805794
922,477,-0.231601068063,-1.63654155207
923,531,1.33492630745,10.953803347
924,945,0.386423604637,3.96256852031
925,37,2.00523467699,1.54295488034
926,250,5.38824401815,6.47504320176
927,412,5.82645072619,3.08598065283
928,148,3.73449332822,4.69193256727
929,7,2.77257494721,5.34620261258
930,276,1.65355047012,2.36720890127
931,244,6.07358896205,8.85459014893
932,581,2.53656041142,0.472612111709
933,92,0.499012624381,12.187161185
934,555,5.79471385962,5.22663147978
935,648,2.98373720023,2.66355349574
936,431,1.00034488417,-0.545916415526
937,687,2.21883304232,3.00817813734
938,523,8.62048009177,-1.80208154976
939,169,-0.80458895136,-2.42230472636
940,640,2.49117673913,2.37720166345
941,816,4.18258682926,2.79885896823
942,407,2.2295978981,-0.706301788209
943,198,8.03881066737,7.10152733335
944,231,0.195536860142,-0.319631512024
945,8,5.42734454668,5.86696568979
946,976,12.1111110216,1.77803284165
947,664,3.6092227571,1.12922553845
948,913,1.16935540504,0.121457050096
949,440,6.09369906422,4.37569793601
950,222,0.397372159674,-1.36783610909
951,533,2.6498083353,1.41589126874
952,938,0.0245959077682,-1.05378237691
953,73,3.48960900667,3.36858268532
954,591,2.30364996301,1.68701998881
955,714,4.93287674718,4.13366919326
956,970,1.40272298339,10.3912448944
957,620,-0.630320542411,-1.47737875458
958,415,6.3596629167,4.13146386864
959,494,2.57750940475,2.15245919685
960,676,7.04701937601,8.27339416237
961,168,0.69334231252,-0.281820350678
962,169,0.620753012274,9.1039176348
963,604,0.496684890196,1.15167064439
964,310,2.61248836076,4.11247573133
965,374,3.60535914145,1.23545581019
966,969,5.25972640412,3.97296715543
967,587,6.18733806133,8.79907219835
968,564,1.89772998917,1.15660918273
969,799,2.89872566168,4.64113800554
970,497,2.52330883688,2.39439845649
971,594,2.47303819819,1.81750198204
972,344,0.735542593775,9.73840772905
973,511,6.77486947365,-1.04214843659
974,925,3.30842458244,4.46790040472
975,655,2.92112762089,-1.45497729686
976,588,-2.91755962796,13.5816406768
977,995,2.31075754062,4.12183522734
978,253,7.98895157669,1.81400887181
979,63,5.85458092212,5.43979000354
980,99,-1.0309536852,6.32323508017
981,947,5.93388461333,8.2647686129
982,937,1.36658003796,0.694304650044
983,629,10.7318338298,2.13865543258
984,812,5.22255091235,4.13191728453
985,187,8.9330465353,6.14289196346
986,907,5.51561277063,4.36049724156
987,272,4.08023264565,10.1270779762
988,675,-2.39566373097,-2.81906184929
989,192,3.09413573937,8.47920718699
990,538,0.784740692782,3.70509005535
991,37,6.42299005176,10.0649218023
992,791,-1.74522743594,2.21847745487
993,971,3.4795452224,4.10644282714
994,729,-1.09752942363,-0.977289677059
995,442,1.38709542521,0.0495647331486
996,681,3.48602130697,6.42888240726
997,258,-0.901816017278,-2.8810746959
998,152,0.906519847588,-0.979535977909
999,414,2.4307549907,-0.10501296929
1000,457,8.11347174563,7.59404214386
1001,440,4.59416396116,1.48177131784
1002,421,2.53343091412,4.4497080332
1003,492,5.86181692002,4.84748365978
1004,532,-0.113597416376,1.13007387302
1005,263,0.76379904221,-0.212538825604
1006,529,7.45314546177,12.271010786
1007,968,2.08741064423,2.33385197089
1008,26,0.116706810541,-3.69500632902
1009,268,3.8204555888,14.1893387695
1010,985,3.54399906319,1.95429714412
1011,449,5.86829006695,4.55466496391
1012,104,3.44388870616,8.40752547722
1013,183,6.57745887789,4.78819052806
1014,54,0.856925193653,-0.112447621074
1015,978,8.45022486606,6.11842534868
1016,578,1.36467811177,0.3776260722
1017,990,3.94266682422,3.21349260692
1018,77,4.29985143865,3.42795987838
1019,891,5.51788063404,2.96574476124
1020,885,0.523499792038,-0.453462320745
1021,849,7.16027107296,2.65888065111
1022,855,7.20162597705,2.17385074813
1023,991,-0.628924006626,-1.1959309986
1024,386,6.36773242752,3.95551581717
1025,568,2.774871853,1.6160251749
1026,105,2.56488889973,2.53023124458
1027,858,4.13616310795,6.06520053752
1028,910,5.30340513909,-0.242848633714
1029,715,2.59106807925,13.9200032898
1030,165,4.61099448966,4.70186713892
1031,493,2.63551885869,8.40910501772
1032,874,2.75993481675,13.8709449611
1033,48,-0.539508365433,3.85643865686
1034,786,2.86848200938,4.87429565938
1035,265,5.77634262519,4.20362951061
1036,607,10.2487762752,7.61462473195
1037,372,4.81831801503,9.7109755807
1038,446,-0.63162638865,-2.15738290343
1039,776,1.15256918569,10.7870484379
1040,956,-0.269602530223,-1.51061152368
1041,22,2.64599861464,0.654457005121
1042,84,9.97873709425,4.63076804795
1043,960,3.25937183986,1.87119061191
1044,272,1.19439285569,1.07172623903
1045,963,5.10488189577,3.54551267472
1046,703,3.98921132115,2.50226747835
1047,976,4.24637110827,2.76452023575
1048,627,2.36745442366,2.85503354104
1049,695,3.45693586045,3.72736759852
1050,880,2.80242265221,1.40730283677
1051,685,1.06847162286,1.35829578407
1052,507,7.83281647059,11.8855345162
1053,773,3.71591534344,1.74688486276
1054,81,-1.96481784752,-3.2772644329
1055,262,3.61472482349,3.06330048294
1056,804,3.99634773891,10.9417187567
1057,870,4.03659089777,3.11873278748
1058,893,4.77638167757,5.35619039381
1059,18,5.48918171584,2.45231500461
1060,357,10.9667650037,4.63430828429
1061,51,3.83727767189,0.995468965746
1062,582,2.83633767976,1.01088971003
1063,292,-3.47724675432,13.4041679515
1064,654,4.19903584093,3.41755461993
1065,268,5.28656110858,3.81987710776
1066,319,2.44336520496,0.678709599255
1067,84,2.85676886178,1.39637144015
1068,262,0.194572108395,4.72234583077
1069,996,-0.697442689251,6.34092709364
1070,384,3.10552045997,4.24251633183
1071,34,5.43887996904,12.4129520685
1072,972,7.02359906142,-1.42646257145
1073,6,1.10512118692,8.89602795984
1074,306,1.63223642238,1.34987949995
1075,112,2.93136883919,-0.341301356481
1076,141,2.1189509813,1.11590381417
1077,665,-0.026004931564,-1.83718303979
1078,226,1.76762962602,2.41663683013
1079,481,6.03044533216,3.93284743144
1080,201,2.25346538315,4.69332223073
1081,734,-1.40192805665,-2.72420736032
1082,339,2.92660403526,-1.99756606007
1083,203,2.19393099934,7.30511713946
1084,309,4.76331613896,2.6169057382
1085,667,-0.7959769231,7.04622303893
1086,298,-0.0273533739585,-1.92449954333
1087,958,0.622884534263,-0.993040242819
1088,239,-3.28126895414,-2.93647987788
1089,475,5.43954289359,-0.666260531444
1090,375,9.0582910629,6.6380807407
1091,23,4.65920933518,10.4896092185
1092,672,2.08216676614,0.350475357192
1093,754,4.78389717223,4.45799242068
1094,603,3.62478384902,8.7550232339
1095,178,6.73462437902,3.7036681822
1096,195,7.22682471367,4.22034386055
1097,694,1.85569220318,2.01113191261
1098,897,3.71847578687,2.42886417033
1099,964,2.27656926551,0.108150030016
1100,746,0.209236528917,7.80252645866
1101,983,6.73722328029,6.63481405383
1102,611,3.58421811232,6.54835891442
1103,158,3.5523222784,0.636095389214
1104,313,-0.538624476881,0.259287264616
1105,542,3.63529244635,2.22657221972
1106,798,2.53823988427,2.0113879885
1107,428,4.16562727277,3.03876501587
1108,783,4.66620603685,7.04050460676
1109,212,1.83257582773,0.334553378443
1110,651,3.64622361224,2.67927139553
1111,5,4.3115882864,8.94319295266
1112,243,2.3351836229,7.17350139932
1113,882,0.872323180494,-3.2170822695
1114,952,1.69625313239,1.02035859959
1115,947,5.36074119105,4.37259583928
1116,837,7.21653645435,6.55377430089
1117,661,1.52516676949,0.861343080074
1118,443,2.19337357281,1.72091897845
1119,634,2.24706817884,0.491186550278
1120,301,2.18866457548,-0.202681153267
1121,109,-1.28152646976,7.11649499789
1122,418,2.04396533746,1.8115268739
1123,495,1.40020522079,-0.144422594265
1124,678,5.16339735626,8.79681444866
1125,534,6.68128272381,1.23518863937
1126,740,0.80582826392,-0.965945830984
1127,758,2.34463100415,4.26346755183
1128,571,5.93023113501,4.8270735535
1129,281,1.01794511318,5.85227602584
1130,28,1.80564673731,0.00785682271181
1131,368,6.87861320103,4.88619426701
1132,496,3.47344399094,1.38175129646
1133,764,1.99289028892,1.40133888739
1134,652,6.68569340445,3.01835900516
1135,23,0.983797300921,0.124216367174
1136,165,12.3240467103,8.91231192659
1137,811,2.07741969297,1.64033739354
1138,761,0.665874474161,8.73118064376
1139,41,3.64868200027,2.01496005023
1140,470,2.58716933273,1.60785513259
1141,540,2.97401646104,7.7037299548
1142,492,2.84269871179,11.1025714241
1143,864,2.38849872423,1.74924811421
1144,943,4.41449063095,1.99180622072
1145,354,4.69511105792,2.7778866683
1146,342,2.02108395056,0.613688318911
1147,931,6.86626121638,4.80820033111
1148,102,1.70581200138,1.45462405197
1149,645,0.776257225751,-1.94564591052
1150,975,2.86854394497,2.61101172597
1151,40,2.2195920483,2.68073714637
1152,355,-0.367466969134,3.92722936923
1153,773,3.51255198895,7.23804312725
1154,192,5.69995445995,3.23385073575
1155,240,1.81281241244,3.70040516419
1156,650,5.30637907907,3.67138134746
1157,159,1.32077973771,0.870575631765
1158,273,4.28318642587,3.58153392184
1159,2,-0.83869876757,9.92462188346
1160,142,4.01147849937,1.93583549608
1161,347,1.84160783812,7.77643197808
1162,444,-1.0553686231,-2.48105533065
1163,160,4.48792050849,2.72535892375
1164,318,1.04785169802,0.424399992763
1165,461,-2.49780579526,13.2341849376
1166,602,7.85619683054,3.4823568802
1167,146,3.49164821894,2.80064222919
1168,60,3.43664902809,4.06853068028
1169,872,2.51514633301,-0.115981953106
1170,570,7.90423381342,6.17413092045
1171,485,0.736530374421,-1.04947825721
1172,91,0.0882756330753,-1.3507179167
1173,289,6.21844851126,5.49572585694
1174,525,1.49266793406,8.08195066883
1175,994,-1.48729482703,-2.99206599697
1176,501,3.92362927898,1.63289918099
1177,968,5.44187246422,2.05512832231
1178,595,0.192711474421,-0.294462650579
1179,49,8.11299120338,3.2919585881
1180,637,5.21993997607,4.05699072396
1181,209,1.934547061,1.37305640875
1182,439,-0.572538905421,-0.944284684857
1183,660,3.47453527341,2.93956302469
1184,600,6.81401860519,5.10884659988
1185,504,3.03498452538,2.53813470395
1186,44,2.8720267647,2.06660041472
1187,939,0.566346286624,-0.0895990993914
1188,296,-1.59188935766,12.1988585688
1189,903,6.53855989087,4.92122037833
1190,878,3.34920320761,1.39094647605
1191,409,3.37962464457,7.19983922621
1192,230,1.08312634077,1.83240329791
1193,286,5.56442185111,3.49456941721
1194,977,2.01379197006,-0.158984988765
1195,302,6.82400175911,6.0748782773
1196,233,8.05072667711,6.78083290645
1197,357,2.11069805992,1.54325451289
1198,359,1.57742362634,-0.302542013429
1199,144,2.19234281277,5.70151580348
1200,500,12.2543340631,1.66247338125
1201,65,-0.185299036345,2.91418610464
1202,38,-4.66395775464,-5.90578433438
1203,478,0.674677530006,2.1372585647
1204,857,2.60727761764,0.792288128289
1205,280,4.59057627391,2.97940928566
1206,253,0.0966269092556,-0.244756189992
1207,101,-0.911048666031,-2.54080245821
1208,211,5.08497006239,0.929517908995
1209,98,1.93675132617,3.77493472
1210,703,4.3822776615,2.25684997728
1211,351,3.10951145993,2.35752285474
1212,787,5.25515109779,10.1640013068
1213,283,2.60175460895,5.4929190129
1214,454,-0.410551716463,-1.5805149029
1215,473,-0.552106967212,-2.49943616332
1216,36,2.81464902509,6.587031794
1217,890,5.37934091466,4.27998578613
1218,932,7.82020836001,6.60762498727
1219,92,1.79957483413,0.412350799625
1220,33,0.494784841852,2.28116139689
1221,403,6.88244234107,6.06433019408
1222,549,-0.00428955656917,6.0919336067
1223,808,6.30394380984,3.20489331373
1224,238,1.45181817102,9.82894975185
1225,503,5.2320857859,2.4329049444
1226,137,5.43779830223,4.14082787622
1227,423,0.673865101552,-1.00213499928
1228,59,0.114975820575,8.68167064172
1229,281,3.71354925178,3.5524949301
1230,803,3.45999591066,6.09390266491
1231,831,7.08982682626,4.23666099659
1232,646,4.3021387431,2.49378675296
1233,897,2.65752798704,0.439218251104
1234,528,-0.058466686684,-0.454531363104
1235,472,3.80116834366,2.20263514326
1236,596,3.59603055326,3.14371679193
1237,622,-0.594760747465,0.00955825665747
1238,0,4.85439517117,3.94593437371
1239,51,3.17730248691,10.6266492993
1240,400,1.63461908714,0.439339040273
1241,563,9.89972583138,6.57814748218
1242,507,5.85907066022,3.51680456414
1243,126,5.05003337265,6.98881118984
1244,410,2.55406202141,3.76868982953
1245,779,4.67916723026,8.91475166396
1246,899,5.93851652786,3.07627339125
1247,151,3.37050449481,2.01175332049
1248,665,5.74461031518,12.6362189376
1249,642,1.61711122384,-0.0076921662705
1250,452,3.35811764833,3.84158369348
1251,807,4.36010537689,8.25630390317
1252,45,4.12975635603,3.15748477106
1253,876,7.92974363309,6.50288738161
1254,999,-0.88856806099,3.55641289107
1255,674,2.33206306848,8.98283115581
1256,70,0.441384878697,-0.800227401126
1257,991,0.0624028636345,4.69193134595
1258,147,1.74494316049,8.57119839246
1259,542,2.94307417589,12.0888046604
1260,54,7.28233200319,-2.82790104085
1261,426,6.0740879732,6.78868815666
1262,744,4.84338882886,3.66934607657
1263,813,8.80712247368,8.58058004717
1264,558,5.86411242508,0.309461737676
1265,316,0.725914809524,0.730097586396
1266,168,3.73091764794,9.32154316095
1267,156,8.20599434983,7.58288287535
1268,903,0.955599742232,1.16810533699
1269,205,7.57395048987,7.55111705047
1270,881,4.70932661043,3.85278339022
1271,368,-1.28673949127,6.37118005075
1272,396,1.69143429859,4.63488512631
1273,701,3.40370625562,2.15422069084
1274,95,-2.76763491272,6.259765058
1275,286,-0.871504357661,-2.34499399316
1276,107,3.30580662964,11.586840842
1277,843,1.06483369536,4.7547355977
1278,43,1.16924449623,6.54547156787
1279,150,2.56287880923,2.31265361233
1280,921,1.69102422079,-0.92356660065
1281,379,1.64600245475,12.1955639031
1282,24,5.04761632865,6.31806525515
1283,441,5.14960655875,4.52116225803
1284,143,3.02298856986,1.68013811836
1285,577,-0.351649037529,6.60931139362
1286,997,4.70056053425,3.85425037464
1287,437,4.45196383582,3.33085263807
1288,273,1.18580860992,-0.528609453596
1289,597,6.37337824096,5.18745254539
1290,9,1.880437529,-0.0532314168068
1291,405,-2.95828990559,2.23444054519
1292,945,2.04701304153,0.988720847644
1293,94,5.5088306695,4.33525059236
1294,186,2.80878505682,3.45351037327
1295,70,4.53907042061,3.65279752734
1296,929,3.89893705305,6.9780732447
1297,392,7.07583010654,11.4200206481
1298,930,0.869176187634,-0.937688603097
1299,676,4.63374579007,2.71950304279
1300,86,2.78616322015,1.49319022624
1301,352,4.46410002282,3.45228911392
1302,732,-2.85860588164,4.63830196303
1303,782,2.79420673055,1.93853980483
1304,69,5.17894214458,11.6366122488
1305,21,1.43795448418,2.31065564986
1306,784,2.40628930001,3.79209884603
1307,124,0.51067115566,6.45384213907
1308,922,1.57001166503,1.65049358067
1309,176,6.33910660259,5.2279626705
1310,749,3.18148672684,2.10658989299
1311,154,1.2214409028,-0.39076248267
1312,546,2.3158853679,5.09161093745
1313,406,0.182409447841,-0.506154162948
1314,108,1.17795877758,-2.18993968795
1315,335,1.04287554084,1.1578511903
1316,259,6.00702207956,4.40354779292
1317,430,2.66479378419,1.00746320007
1318,684,9.74026167899,4.407273258
1319,686,1.86092955034,2.090887629
1320,257,1.50325589389,0.288365216722
1321,55,1.21372267081,0.802820616491
1322,97,7.21199148113,5.01035779205
1323,163,6.97213407844,6.55999996139
1324,525,4.30363468058,1.99195233699
1325,841,6.70659117808,7.66934387708
1326,710,1.85170652778,1.05702010967
1327,927,4.02876412858,1.41312288595
1328,530,2.56922033246,12.2151429944
1329,565,3.11112282935,5.04972788418
1330,212,-1.31484819699,4.34553714763
1331,75,-1.93310241621,9.56988677346
1332,901,1.74832299879,1.99881316659
1333,568,2.74611243439,14.1496756315
1334,85,3.29097447408,9.10111261979
1335,355,4.83346241687,2.61469343282
1336,330,4.48147358989,6.06208370065
1337,484,4.94091203101,3.04663245309
1338,456,2.43074376917,1.2520836464
1339,175,4.28032603673,6.83914500479
1340,692,2.30405799888,1.44092918823
1341,973,4.68787038449,4.19893488135
1342,559,5.34281077,7.38787687824
1343,628,0.0457023176363,1.76716603935
1344,702,1.62807539002,-0.191611609061
1345,908,3.02860201087,5.73493706343
1346,399,6.32198668732,6.12591238314
1347,686,6.31374783213,5.83605387223
1348,733,-0.143330673887,-1.32855873043
1349,877,3.67894720276,3.5107791494
1350,505,3.9367350104,-0.33430133208
1351,107,6.44431083899,4.55914405635
1352,532,6.46448685288,0.372992128021
1353,436,4.67019486652,5.10622866707
1354,1,2.10203652089,4.89194128747
1355,140,8.88136398949,7.82658487547
1356,859,3.5034000131,2.68800596933
1357,83,3.19183028135,2.46875292304
1358,276,4.40331622446,5.90654373527
1359,385,3.01539155394,4.00351484938
1360,361,3.77557359472,6.32429489496
1361,759,4.70149784431,6.13449738732
1362,344,1.4004831026,-0.654543191685
1363,673,1.68637711468,4.68322143263
1364,623,2.58848237032,6.20628100896
1365,573,4.46525342643,3.53540355296
1366,275,6.32736176424,3.78797859463
1367,778,2.28320695339,0.0842743171914
1368,610,-1.2038839852,10.1121985024
1369,522,1.50299198298,0.0634897983152
1370,517,3.55633143594,2.34357526766
1371,564,2.38156186159,4.16778631348
1372,236,1.32679616468,10.8547896233
1373,333,-1.61476768162,8.24914587784
1374,96,5.87349432116,7.91111871083
1375,476,5.60241090614,4.36344986715
1376,265,4.20485344571,1.8834640936
1377,612,4.46941544221,3.38513304215
1378,137,-1.6278657928,-2.60840813603
1379,117,-0.366200986743,6.37255271175
1380,38,3.80891459409,0.74402019613
1381,489,3.37425126779,2.68471440387
1382,103,8.13568333891,8.06283936946
1383,889,7.76000856268,-0.686770965082
1384,500,1.32563955354,0.301502349327
1385,4,1.80906313748,0.304502798313
1386,527,4.51668154768,4.78353506721
1387,206,2.38038260888,4.20385490509
1388,106,3.55205703403,8.53437450151
1389,289,3.32232042434,5.61048292949
1390,877,-1.21813933815,-0.751915073283
1391,585,3.65095008234,2.86923599076
1392,868,3.74983488505,1.71671251616
1393,520,1.5051375801,2.18921635337
1394,336,0.632160676544,1.34320811028
1395,846,5.15954413357,2.338936168
1396,857,2.851486965,-0.945213784209
1397,504,6.32658399399,-6.93411924645
1398,730,5.88452821372,4.31728473615
1399,160,6.26672553311,6.02035180039
1400,338,4.25710055179,1.89648084738
1401,734,2.68766918706,15.9598571671
1402,20,3.35749508776,5.79899139772
1403,438,-0.220906415401,4.07185773176
1404,143,-1.22396819099,-2.57079482083
1405,502,1.67628792824,3.51912494087
1406,364,4.16221445667,2.24414683545
1407,828,4.39009344444,4.40234172153
1408,398,6.44197783319,2.03835200778
1409,413,3.00543086704,8.28649568671
1410,767,5.2785943415,6.09145661947
1411,279,9.11069200846,1.5515993638
1412,398,4.63795767911,2.99054092128
1413,117,5.11097086274,5.39933577643
1414,291,2.66441367987,5.56382578253
1415,982,3.36913025263,0.191055628558
1416,764,-1.29131106482,4.8981606052
1417,553,-0.156342884032,0.159809556813
1418,457,-0.89948587674,1.71866358382
1419,254,3.07642165399,2.01115623589
1420,391,6.19639088508,10.5681820092
1421,460,0.899219575899,5.60836262503
1422,763,1.87364321865,0.383487261121
1423,617,5.51354667231,3.68001208222
1424,434,-0.42308134992,1.60526747324
1425,642,-1.00386894787,5.33473525168
1426,10,-3.46026903195,-2.39631672955
1427,103,2.52183404301,2.92479189962
1428,671,3.39893686111,0.318378148527
1429,454,1.85216475277,7.45681918264
1430,806,5.86615682714,4.20691816654
1431,118,4.36635616992,4.01586315151
1432,11,13.8563273224,8.98087444852
1433,52,2.36846306758,-0.968981142157
1434,836,6.80314881851,4.94507631539
1435,592,-2.08748298073,3.55341316506
1436,986,-0.197411066735,0.26624749006
1437,810,4.01995749429,0.826816974244
1438,78,0.725202534507,2.12508316818
1439,704,1.9164322024,0.679519322811
1440,557,9.88762802044,5.71163276683
1441,295,1.65211869643,5.69609200792
1442,89,4.82804917607,9.3309175022
1443,613,5.43968572596,6.60095087283
1444,284,4.31002827373,3.16091056117
1445,586,5.61233809159,4.88584280839
1446,366,4.64145525983,3.21084507553
1447,918,-0.150815363187,-1.22411062074
1448,963,0.666587575191,17.9355003257
1449,892,3.24203302348,2.12239710122
1450,274,0.27244587809,0.781707189538
1451,710,4.46945636925,0.90927804704
1452,244,3.94539393467,3.25196056411
1453,247,2.10764843154,2.00243481099
1454,87,-0.0623295690812,-1.60745386571
1455,539,2.50604089027,1.41409421375
1456,386,2.76528275938,6.92870840173
1457,790,1.4188100167,7.56158318986
1458,202,4.31155884949,2.9965159025
1459,633,4.43055754022,3.07561159507
1460,634,1.17053737677,2.03181054405
1461,985,1.09134254423,2.81021612233
1462,392,5.04302306458,4.73790609739
1463,317,3.85097253588,14.1338787824
1464,619,6.7242903343,4.61569352079
1465,797,1.27224704855,0.422061791952
1466,306,2.08720057153,7.07240715901
1467,177,5.05181025258,6.91935903806
1468,895,2.74128992402,3.54386010171
1469,588,1.56006669543,1.89963263234
1470,693,3.40023122587,2.39437629244
1471,322,0.301350501051,0.923605899859
1472,421,6.01444900563,2.6821581238
1473,781,4.45537712134,4.00662736188
1474,683,2.40927238005,1.12944071131
1475,278,-2.55862211836,-2.26452380694
1476,531,1.50449780614,-0.233375444523
1477,795,6.30044875319,0.935888793022
1478,990,-0.774947947204,-2.11397063013
1479,607,-5.07356741089,4.87001363158
1480,719,5.17141412919,3.56176886443
1481,307,9.78769003766,-5.26695819851
1482,650,5.62420702013,4.42344555129
1483,795,2.63976871662,2.22623239663
1484,606,5.13155532538,2.70076789211
1485,814,1.56389550299,6.83480413743
1486,743,1.69447181413,3.14763557425
1487,377,1.17699645142,7.78068124633
1488,658,5.0225962296,5.00841295956
1489,429,-0.0184601316147,-2.14825977538
1490,413,4.77274215958,4.49246657658
1491,123,3.37093572911,3.73775786568
1492,609,3.26411339121,1.75940011416
1493,279,4.83168669586,3.34937406817
1494,75,0.260719447218,-2.02420237322
1495,42,4.17899486443,4.39965030349
1496,429,3.39019333295,5.30125400728
1497,277,-1.4144604577,-1.51471804404
1498,53,1.3624692074,12.9431248491
1499,208,5.35751874669,4.68165054566
1500,744,0.338918432835,1.72665152188
1501,924,1.78132941024,0.319695549521
1502,456,5.45284163335,17.0206665364
1503,670,-0.105367533749,-1.41613166868
1504,846,5.29081169295,3.11590940163
1505,301,1.38762053531,-0.760770397038
1506,920,4.79378331,7.17919218189
1507,993,4.16794207506,-2.42957794307
1508,163,1.29307598092,1.0345298521
1509,986,4.52872981534,2.13439736757
1510,784,5.77250565127,5.77816669841
1511,331,2.9437505742,2.05198126539
1512,418,4.25891398444,5.43796740901
1513,383,3.24015601171,1.33495819851
1514,716,7.19986461883,0.703392931494
1515,63,6.84225555737,3.92759928478
1516,998,3.13574100475,7.82108339414
1517,680,5.48423464151,12.116033748
1518,623,-0.0867530703698,-1.49143390574
1519,439,8.19943115597,4.70064412001
1520,50,1.93924063663,0.511395139356
1521,547,-2.31146785152,8.12347612793
1522,477,0.216619274006,7.7722225947
1523,67,0.526972870441,-0.297991330936
1524,936,-1.75827370783,-1.98850035474
1525,649,5.40537821348,4.38865039607
1526,480,-2.91942688705,7.63228833186
1527,89,1.45857186351,-0.444622080869
1528,110,5.02849473706,4.66459341785
1529,560,0.914388264216,1.37791909417
1530,614,4.37536786534,1.28429721639
1531,933,1.87242415628,6.93722332743
1532,380,1.21172652525,0.0757117562514
1533,673,8.7345360534,7.21996548672
1534,889,3.43413630648,3.57867361618
1535,517,7.00143015026,1.68921464687
1536,451,4.1556637341,2.14973291847
1537,621,3.78137791756,9.84537451957
1538,424,3.88678855544,2.92580246003
1539,792,1.29173834617,0.0205148872719
1540,378,5.71613389642,3.94458523071
1541,424,6.59479676117,5.45383208293
1542,653,1.51367083911,14.7008668699
1543,573,-0.149454309402,1.99637905889
1544,73,3.21105645623,9.95584735094
1545,451,-0.357241509143,0.347515444472
1546,315,3.61292808024,6.29013599938
1547,390,6.70723550345,6.25574713342
1548,589,2.40965190902,2.30075097775
1549,48,0.559349049698,0.440073856204
1550,172,7.00465505353,9.82449699095
1551,694,-2.15026374444,-0.957020221673
1552,378,3.00672492822,7.03670514418
1553,521,5.32256177627,2.92305780535
1554,586,2.28532851068,2.4552304092
1555,898,-1.32507554955,-2.31964653148
1556,818,1.08407380618,1.43672735861
1557,472,1.14003307851,10.3615662043
1558,193,0.295704736536,0.776276303782
1559,528,6.93175749434,4.15052897301
1560,371,8.02011146637,7.48760717735
1561,115,5.96644433159,4.21519107816
1562,984,-0.143165275492,2.28378514402
1563,442,2.91589246969,3.29691564661
1564,788,3.38869893309,2.11729601251
1565,685,6.58046805989,8.48862780315
1566,996,2.77548523625,0.484545238138
1567,263,3.12751033432,0.766414870734
1568,535,4.7997545679,3.54498414721
1569,222,-4.5804605218,11.0016506941
1570,967,1.82420310763,11.5832734017
1571,7,3.56395763542,3.70160709752
1572,309,4.73134383536,2.86260201629
1573,312,6.04540668787,4.796081977
1574,546,1.90364910205,-0.245008994262
1575,458,2.69784831625,9.18443258853
1576,181,3.29233800996,0.470692269317
1577,722,1.17461362474,4.37103062059
1578,638,4.33899318148,-0.923680186505
1579,933,0.699544649689,1.1822613755
1580,641,-0.7245697753,4.55778767746
1581,16,0.0632851454879,4.47128626556
1582,801,6.82739141921,6.23948426105
1583,411,3.44552642095,2.79831090081
1584,131,2.07266835243,2.37738089074
1585,126,4.98169732859,3.29736331882
1586,739,1.73261328859,7.21634789973
1587,962,5.02963536177,8.92539659544
1588,966,6.88498003136,6.62696139037
1589,567,2.7089476938,12.2288092877
1590,78,4.90013913932,4.1115029879
1591,234,5.18197295777,6.21841203268
1592,674,2.33036684466,0.971833008744
1593,924,1.5499230257,-1.48761676042
1594,824,-0.0180581593815,-0.754045916185
1595,832,6.11668012189,9.62626696508
1596,715,1.98877728198,0.961229523846
1597,687,-1.0478125005,-2.37169877214
1598,725,-2.57175618797,-3.86557032546
1599,892,-1.75303928308,5.09996818283
1600,941,1.38922408952,15.6782325302
1601,327,7.13205375863,4.87621195748
1602,825,5.08605221208,3.3851610969
1603,179,6.61190696738,5.95456168338
1604,394,1.88128601553,11.9308176214
1605,387,5.65369870447,7.56258461859
1606,742,1.9856417621,5.17605540486
1607,488,4.95870649041,2.59028538827
1608,675,-0.834808910985,9.38103668689
1609,756,4.16966544908,8.32656848699
1610,779,1.64093153987,-0.462692760649
1611,949,5.38748404459,2.32245613634
1612,200,2.82083052523,11.4162762649
1613,322,2.39994374701,6.44870848425
1614,915,1.70059316614,1.15791017148
1615,737,0.559840237984,0.665060937607
1616,31,2.09843013229,2.38166636762
1617,32,5.63856287346,4.66314670126
1618,277,6.58662498495,-2.48435816082
1619,290,1.00987074834,0.150730068533
1620,30,1.4487733678,2.76349549924
1621,915,6.90111905766,6.3871157928
1622,754,1.40454868445,0.491436171208
1623,138,2.28250187613,6.24418865506
1624,346,3.26054089468,1.67180855274
1625,825,-1.14666068253,-1.33996623115
1626,851,2.94010470537,0.627143848869
1627,563,3.61425690823,3.0241085052
1628,837,2.26621207458,0.0868680944283
1629,328,2.68554659576,1.67709621054
1630,552,-0.16996979877,2.22698784758
1631,239,4.00782173126,4.4331065794
1632,174,1.71449841093,0.784642171683
1633,42,2.12725174006,1.79526215923
1634,645,5.31654096334,2.88837002187
1635,707,2.15625572403,1.15066280843
1636,602,0.0641731252513,0.806882647371
1637,816,-3.64162350184,-4.42129948586
1638,224,0.696246182624,-0.39639717557
1639,746,3.92681989387,1.84759836701
1640,622,6.04622590825,-0.452932024575
1641,921,6.64304730078,4.79009636039
1642,753,2.59985381215,-1.21931945392
1643,724,3.45313973815,0.835435227336
1644,618,4.17915978505,3.94408307107
1645,664,5.29046062911,3.54436544179
1646,345,1.21547317272,1.53459618273
1647,823,-4.19049127797,8.98835179528
1648,609,1.85239225908,-1.35548378896
1649,544,5.43131948966,2.95551424645
1650,509,2.41226477145,0.586387193156
1651,789,0.0775270214667,-0.831583186478
1652,119,-0.038746585118,-0.963296600708
1653,909,0.887546543779,6.53711259451
1654,959,6.88787262996,14.6552833141
1655,522,1.47806825486,6.78449897261
1656,845,1.84450045197,8.14196540891
1657,346,3.97734584936,4.22062147742
1658,576,5.98324991249,2.18690429178
1659,120,7.9088157301,8.33948326668
1660,951,7.98227690895,6.80742187609
1661,970,0.103337247393,-2.17311690592
1662,937,-0.383929016917,7.58140461785
1663,756,6.42897979045,6.07778872474
1664,907,2.28779480749,2.07569437933
1665,839,4.30840636383,1.99208454419
1666,886,2.72596049858,1.68094517088
1667,725,0.765022983463,3.18372149671
1668,231,0.657259702946,-5.56010179032
1669,666,6.6274844333,4.72964216577
1670,545,1.94433610411,1.18134393389
1671,463,3.56055526131,0.897134407783
1672,751,2.27692715139,0.784384090409
1673,74,5.19716475974,2.70328261134
1674,765,4.90693383654,8.4310020929
1675,204,2.72445347612,3.42403767223
1676,325,3.48936318511,2.09185496944
1677,741,3.65207244865,2.31856946459
1678,407,2.89314181257,2.31056042749
1679,510,-0.801164512271,3.30434949936
1680,197,7.10771480093,2.97032695645
1681,188,4.25044421785,5.88107277147
1682,562,1.28955066762,1.2576470366
1683,714,1.15436504532,1.96571311518
1684,270,5.53032077137,4.42163302013
1685,826,4.24073275515,3.7045903127
1686,449,4.19571645757,3.14612097603
1687,695,5.46110969664,6.50166127189
1688,258,0.377194071001,4.98119219102
1689,657,4.53618899327,9.11757256168
1690,22,3.87313887649,7.04366062194
1691,18,8.05404073519,7.10782916431
1692,349,1.69256287176,-0.35683464661
1693,706,7.97069131058,6.71987610454
1694,399,2.5828570905,9.62085711235
1695,106,3.62998562021,2.37455565959
1696,793,2.28449157091,0.575432721095
1697,21,3.24655672715,2.97875361691
1698,656,-0.990341444154,-0.346045271552
1699,668,0.80990589455,-0.281870782569
1700,45,3.19213728362,5.75891840341
1701,757,4.91477234707,4.64895775579
1702,321,3.23653479062,2.82508107563
1703,450,2.14354214642,0.12216565959
1704,580,0.285155170582,2.15553755397
1705,122,-0.827356309032,-2.22749341472
1706,52,7.67000384187,12.5097406318
1707,599,2.46465845403,0.997155453005
1708,142,5.580142092,3.26588913475
1709,317,5.27275884691,4.55988397278
1710,948,2.15270845193,2.8674451515
1711,887,4.17700309256,6.94754780984
1712,928,4.70299869578,5.11930080364
1713,735,-0.191113078361,-1.28930266586
1714,40,1.12339773857,7.60812893449
1715,207,3.423134905,3.01590026147
1716,884,4.83060685544,4.98584347039
1717,498,2.2737943881,1.88673827069
1718,76,1.97704969413,0.72275487533
1719,328,-1.82667644214,-0.536381927468
1720,491,4.01311604517,4.06499007791
1721,958,5.89714582634,7.75182331082
1722,256,6.33344791385,3.07468564582
1723,311,4.26539030911,5.54987395808
1724,320,2.23619040876,1.25092365
1725,467,7.39984929978,6.41759960394
1726,801,3.72255834462,4.03210905223
1727,590,-0.249682158859,7.71630669695
1728,229,-3.06823863647,-2.75898389989
1729,94,3.58542161959,3.27628690023
1730,962,6.57267839239,6.30947505238
1731,700,3.13759545022,2.29931225542
1732,643,1.91453316281,0.286521025134
1733,722,3.94707456123,2.50566721434
1734,983,-1.90100499563,10.6324283823
1735,601,4.80782009647,3.88684646738
1736,66,3.79330302976,1.57079403521
1737,288,2.64881656457,2.14784640741
1738,427,0.809485468398,7.0874317447
1739,935,2.2221755846,1.75313144144
1740,219,5.59554727935,5.44362505569
1741,850,2.85036602009,0.657369266979
1742,716,1.00267841668,0.835490908668
1743,93,2.62767483197,6.66266401609
1744,427,3.115616829,1.73049773256
1745,579,1.33701084352,6.30692507802
1746,598,8.04259595255,7.07437889016
1747,571,2.19204252687,3.56975795935
1748,791,1.33817468494,1.14405445855
1749,474,6.29579159265,-2.83531735118
1750,649,-0.360628040186,11.3969931332
1751,303,6.64865234511,7.3416014256
1752,871,1.65303130389,7.65834145143
1753,916,3.79252941984,4.2654941334
1754,318,4.32425161853,-0.551460907803
1755,102,4.0303182923,1.97308192373
1756,741,2.99365937526,4.23671271759
1757,713,5.86356213373,-1.554261688
1758,161,4.3209685478,3.28743681206
1759,682,0.398357972062,0.29863914975
1760,696,-1.93033560108,-2.90207878896
1761,177,3.63681972314,3.13607243286
1762,248,6.18652811781,6.93846451147
1763,785,7.72571757816,7.04171357996
1764,508,7.97196179769,5.9279137515
1765,859,4.97399686455,9.2412470118
1766,651,-0.132424690539,8.5011707584
1767,711,4.04480711188,3.87182481444
1768,217,-2.8376827938,9.6880858831
1769,261,3.61968560582,2.07094891211
1770,343,-0.324904790106,5.11749421278
1771,682,0.707264682047,9.07290738128
1772,158,1.43815102545,-0.287537355492
1773,961,3.93708023867,0.32917743593
1774,228,7.35919613988,3.64386804814
1775,242,2.59028325543,5.62763890054
1776,624,4.15323417107,2.91471956705
1777,434,1.57949650527,0.165494033455
1778,798,0.74592240728,2.398029415
1779,220,0.54347377879,0.680796289232
1780,287,0.172076582191,8.46170817693
1781,406,7.56774482635,4.98738813651
1782,365,0.441088660229,1.53312993679
1783,679,2.21516275179,5.73931771466
1784,482,3.43039906905,2.5479802289
1785,497,0.126558771073,14.6960327813
1786,304,5.7120643806,4.73171565791
1787,387,2.40957922109,2.2405933432
1788,822,4.15956282246,8.08834534147
1789,216,6.1260461941,2.47812837859
1790,581,2.23231419916,1.52736926091
1791,464,5.19674114402,1.92183291531
1792,345,4.99345503383,3.51207286364
1793,340,3.48239527119,2.02175184239
1794,315,1.96013204849,2.35887515595
1795,967,4.68791898784,3.77196450175
1796,708,-0.770883706432,-1.6828202222
1797,110,9.10435111826,7.53810099967
1798,594,2.14163304315,5.72540893298
1799,170,1.95853260314,1.52109593614
1800,11,3.18547566698,2.10121027873
1801,931,5.4544598377,3.75132222888
1802,514,0.697973176572,0.241773144646
1803,876,4.30692816832,6.36160601026
1804,234,6.11327513634,4.00946741366
1805,643,2.65652122637,1.89536199719
1806,713,4.39415796815,3.30504515971
1807,732,0.783872182694,-0.264885673659
1808,188,5.41819915795,4.06441667333
1809,489,2.67461795439,3.98865805289
1810,453,4.12594600105,8.01837350844
1811,397,3.6407934671,2.81773246859
1812,171,-0.237751913976,-0.410605928267
1813,299,4.27414117675,0.685871114542
1814,180,3.66227114513,-0.107192882574
1815,416,1.76678347707,1.38375213922
1816,697,7.03889993154,5.60821312316
1817,363,1.16595694888,8.64254310486
1818,761,3.41237420641,-0.156707156812
1819,227,4.46910986576,2.40752700204
1820,780,5.66890843752,5.20435191917
1821,340,1.23918885967,6.32125777709
1822,300,0.275756777861,-0.936156226227
1823,834,3.78823873142,1.8185176885
1824,871,2.23228070097,1.53925098005
1825,908,5.70351519878,4.37587058467
1826,114,6.55904642956,4.24922496232
1827,62,0.712450841991,4.77275711695
1828,597,1.42053554201,10.41319229
1829,873,-0.147303669996,8.58561025786
1830,172,3.18402013488,2.11194202316
1831,85,5.09294445089,4.81932358729
1832,898,2.26610112744,8.42067016535
1833,282,4.42669612432,1.01596960283
1834,511,5.12981817374,4.69315687822
1835,452,-1.11754551167,14.4246796033
1836,928,8.25611842678,1.61908135753
1837,202,0.439264640029,-0.253757348988
1838,136,0.61325943783,5.72859348882
1839,6,3.68044667033,3.47552569894
1840,86,8.46341522115,10.235853823
1841,274,-0.174852822067,5.60203302047
1842,362,6.940805712,7.1767323856
1843,832,6.65720598728,6.41332715414
1844,972,4.69519755747,2.75200726
1845,381,6.34155504987,5.85572334621
1846,402,-1.63774183439,3.89655009706
1847,353,4.21389448402,1.97432250614
1848,360,5.91842576409,4.85324787821
1849,150,1.14659426325,-0.315523217374
1850,796,4.77416252604,2.73046839452
1851,56,-2.54872546802,-1.64733127784
1852,310,5.42552903222,2.60607395306
1853,8,0.456351589589,6.88942509544
1854,260,2.56657148375,8.93537610526
1855,490,8.02961619501,6.84971883875
1856,693,2.43973533262,7.58937750069
1857,264,3.53648075359,3.57825431177
1858,644,5.70917143019,3.50488518565
1859,860,2.6636281501,13.9579517373
1860,125,-0.749155442394,-1.48908834755
1861,630,-0.212845894446,-1.87400002231
1862,156,1.62336742931,0.564448438631
1863,266,7.10584035225,4.69613596933
1864,366,1.76242539735,-0.551846529721
1865,654,0.428045566894,1.21233940819
1866,31,-0.155881893629,-0.455329791307
1867,667,2.13493956018,0.727904740615
1868,72,4.15456052873,5.01523124538
1869,155,3.17173993656,1.87618698463
1870,127,2.35302071096,5.78787162412
1871,612,-2.10801920331,5.79147312268
1872,425,2.91062326144,1.54244371009
1873,238,1.8548726152,0.718982581099
1874,765,6.11971417941,6.06579772697
1875,541,-1.04315269425,9.44421692015
1876,72,3.38731841753,1.79969517703
1877,120,4.22742110932,10.5052404148
1878,419,3.76036531683,-1.74696791992
1879,482,5.38787134996,-0.386351757047
1880,690,3.30314487658,1.82364144882
1881,569,7.14157731359,6.49316605254
1882,437,5.83761790036,2.94283038872
1883,10,3.25426388726,6.63067300744
1884,288,6.07793202217,2.68786749665
1885,605,3.51804494913,2.04781544023
1886,904,0.525746984241,4.22312865529
1887,720,3.95426161925,4.16258192277
1888,797,5.60180588354,9.46241653083
1889,25,1.86531394197,-2.54246338456
1890,817,-0.662578954241,-0.670233331142
1891,639,-2.48484007791,-2.30437556657
1892,369,-2.27006726737,7.63072677472
1893,68,2.64480729857,2.05539097006
1894,294,0.871080867496,10.666194628
1895,980,-0.354763451443,-0.961634705496
1896,191,0.192560354896,6.30989496731
1897,827,3.56284680315,6.02445278353
1898,269,9.4569214324,7.14420588675
1899,917,3.09451074275,7.29634413699
1900,941,-0.668867294498,-2.13107024577
1901,736,-0.035346739085,-1.82533137317
1902,946,7.03882846654,1.83731795907
1903,560,-0.526160869641,8.9472018786
1904,805,1.48318640432,7.4168373724
1905,616,1.18288905537,6.02822122951
1906,313,0.864047349432,7.78826534213
1907,731,3.88685991695,3.73884040457
1908,350,5.62012835831,5.99940287142
1909,57,7.03271103998,4.39469242619
1910,615,1.18834725572,4.54604270012
1911,561,3.01503298277,2.08889382379
1912,771,4.72769823873,2.79281415913
1913,577,2.46377582974,0.885223587738
1914,918,-1.52334173031,0.168494989333
1915,772,6.29464809468,11.5906032421
1916,292,-0.329640614847,-1.37489109594
1917,280,5.27763992799,5.30397964711
1918,331,-3.87248258504,12.1606313057
1919,858,3.53128174029,2.67952523078
1920,973,-2.93393991785,10.1119529424
1921,914,7.21382538578,3.70750126129
1922,207,6.94473925825,-3.50063594488
1923,656,10.8045589514,5.82058560867
1924,471,2.53586176347,9.17095465483
1925,955,0.268925887725,11.4957114696
1926,636,4.94416596938,2.61090304739
1927,114,-0.465075674558,-1.18035807087
1928,839,4.73844710008,0.368698874728
1929,243,9.52047296695,8.40317109145
1930,738,-0.380884028103,7.55543042439
1931,144,0.360783335843,1.2576553236
1932,671,3.53807413367,2.99003270398
1933,43,1.26121532524,1.00975531678
1934,95,5.71620760819,4.58502172768
1935,750,3.41667591262,1.00050768618
1936,772,4.81578392154,5.63745970799
1937,446,0.17063736791,1.0315069607
1938,503,5.72421591643,3.22071337107
1939,526,0.836074369079,1.24003827605
1940,767,4.37501530914,2.0488655778
1941,774,7.33956054073,2.45740139113
1942,721,4.84469203674,4.24648005714
1943,853,5.22988922743,3.86584437521
1944,415,5.56851788599,-7.11321537957
1945,519,2.3085759779,8.06327533291
1946,927,2.69393680551,1.57569744697
1947,333,3.71051940498,3.94774323485
1948,608,4.85817255846,1.9547164955
1949,659,2.01020566511,0.464715869216
1950,567,-0.569927923183,-1.96244097203
1951,663,6.08632526615,5.72997103269
1952,533,2.10181381004,12.5670452402
1953,213,3.42334263512,3.43319951605
1954,589,2.58731241824,2.14526903876
1955,900,5.13982186161,2.97247774628
1956,554,2.50385862711,5.53295733327
1957,376,0.347710607901,0.657678250044
1958,601,5.49858350551,1.06644571449
1959,187,1.45100241025,4.30716678203
1960,902,9.21430755696,6.58738064341
1961,46,5.05411359097,7.06798539845
1962,341,1.40607356024,0.0150700707068
1963,122,4.82560592626,4.04370529167
1964,47,4.80922052899,5.44715843173
1965,616,-2.03740375302,-2.78892592999
1966,334,2.15605600918,2.52560524382
1967,59,5.90897344784,3.57068689624
1968,950,1.00290910155,2.26315931422
1969,752,2.18226681192,0.861171716507
1970,334,5.28613735706,-2.10556144946
1971,566,0.713725679274,0.640990833697
1972,351,3.29334525934,4.67098923353
1973,925,2.92123321582,0.939458448753
1974,895,5.50561543975,5.2742850278
1975,822,2.08738897267,0.956347743194
1976,57,-1.47267638218,12.8210876738
1977,551,1.9179268958,-1.82894453644
1978,755,2.57951509928,1.80326283911
1979,807,3.47064573114,2.227584322
1980,445,3.06199932471,-0.276670946401
1981,34,-1.32315062766,-1.49702681978
1982,487,3.88423356257,0.666548204519
1983,593,4.58579015191,3.06576409092
1984,136,3.12979278872,2.3271306409
1985,394,6.26585573448,4.66281347301
1986,929,8.72731686424,6.32406167042
1987,167,5.03281302247,2.71879791152
1988,259,0.0986976569358,11.1241793978
1989,730,2.67038247408,8.21989399421
1990,862,-0.02321347023,0.255370315015
1991,227,-4.73067901159,-4.36802152997
1992,828,1.59670118889,6.09861480291
1993,64,4.55472373584,4.37238190624
1994,723,9.45648445717,10.7858060031
1995,814,5.40980312201,3.87498221469
1996,175,-0.163119545308,-1.66480493878
1997,441,2.03292985181,-4.38296760018
